{"cameraMode":{"drawMode":0,"name":"Shaded","section":"Shading Mode"},"sceneLighting":true,"audioPlay":false,"sceneViewState":{"showFog":true,"showMaterialUpdate":false,"showSkybox":true,"showFlares":true,"showImageEffects":true,"showParticleSystems":true},"in2DMode":false,"pivot":{"x":-0.4815429449081421,"y":-0.2608148157596588,"z":-1.307950496673584},"rotation":{"x":0.6160563826560974,"y":0.016538316383957864,"z":-0.012939078733325005,"w":0.7874225974082947},"size":4.245344638824463,"orthographic":false}