{"cameraMode":{"drawMode":0,"name":"Shaded","section":"Shading Mode"},"sceneLighting":true,"audioPlay":false,"sceneViewState":{"showFog":true,"showMaterialUpdate":false,"showSkybox":true,"showFlares":true,"showImageEffects":true,"showParticleSystems":true},"in2DMode":false,"pivot":{"x":-2.8536319732666017,"y":2.8733530044555666,"z":-0.4235476851463318},"rotation":{"x":-0.020560232922434808,"y":-0.7571411728858948,"z":-0.02385782077908516,"w":0.6524928212165833},"size":5.354236602783203,"orthographic":false}