{"cameraMode":{"drawMode":0,"name":"Shaded","section":"Shading Mode"},"sceneLighting":true,"audioPlay":false,"sceneViewState":{"showFog":true,"showMaterialUpdate":false,"showSkybox":true,"showFlares":true,"showImageEffects":true,"showParticleSystems":true},"in2DMode":false,"pivot":{"x":0.1727733016014099,"y":0.1414499580860138,"z":0.1366526186466217},"rotation":{"x":0.0026860530488193037,"y":-0.9685118198394775,"z":0.24874451756477357,"w":0.010456260293722153},"size":3.965411424636841,"orthographic":false}